{"overall_acc": 0.8376288659793815, "category_acc": {"action_recognition": 0.9259259259259259, "attribute_comparison": 0.9090909090909091, "attribute_recognition": 0.9594594594594594, "celebrity_recognition": 0.9595959595959596, "function_reasoning": 0.9113924050632911, "future_prediction": 0.6, "identity_reasoning": 0.9777777777777777, "image_emotion": 0.82, "image_quality": 0.6792452830188679, "image_scene": 0.9903846153846154, "image_style": 0.9433962264150944, "image_topic": 0.9166666666666666, "nature_relation": 0.75, "object_localization": 0.6790123456790124, "ocr": 0.9230769230769231, "physical_property_reasoning": 0.7333333333333333, "physical_relation": 0.5833333333333334, "social_relation": 0.8837209302325582, "spatial_relationship": 0.4888888888888889, "structuralized_imagetext_understanding": 0.7692307692307693}, "l2_category_acc": {"attribute_reasoning": 0.8592964824120602, "coarse_perception": 0.8885135135135135, "finegrained_perception (cross-instance)": 0.7832167832167832, "finegrained_perception (instance-level)": 0.8771331058020477, "logic_reasoning": 0.711864406779661, "relation_reasoning": 0.7652173913043478}}